ibge,uf,nome,slug,provider_family,schema_package,tipo_suporte,status_homologacao,observacao
2704302,AL,Maceió,maceio,GINFES,GINFES,MUNICIPAL,PENDENTE_HOMOLOGACAO_MUNICIPAL,
2704708,AL,"Marechal Deodoro",marechal-deodoro,GINFES,GINFES,MUNICIPAL,PENDENTE_HOMOLOGACAO_MUNICIPAL,
1303536,AM,"Presidente Figueiredo",presidente-figueiredo,ISSWEB_AM,ISSWEB_AM,MUNICIPAL,PENDENTE_HOMOLOGACAO_MUNICIPAL,
1303569,AM,"Rio Preto da Eva",rio-preto-da-eva,ISSWEB_AM,ISSWEB_AM,MUNICIPAL,PENDENTE_HOMOLOGACAO_MUNICIPAL,
9999902,AN,ABASE,abase,ABASE,ABASE,MUNICIPAL,PENDENTE_HOMOLOGACAO_MUNICIPAL,
9999903,AN,BETHA,betha,BETHA,BETHA,MUNICIPAL,PENDENTE_HOMOLOGACAO_MUNICIPAL,
9999907,AN,BETHA_CLOUD,betha-cloud,BETHA_CLOUD,BETHA_CLOUD,MUNICIPAL,PENDENTE_HOMOLOGACAO_MUNICIPAL,
9999905,AN,EQUIPLANO,equiplano,EQUIPLANO,EQUIPLANO,MUNICIPAL,PENDENTE_HOMOLOGACAO_MUNICIPAL,
9999906,AN,FISCO,fisco,FISCO,FISCO,MUNICIPAL,PENDENTE_HOMOLOGACAO_MUNICIPAL,
9999900,AN,GINFES,ginfes,GINFES,GINFES,MUNICIPAL,PENDENTE_HOMOLOGACAO_MUNICIPAL,
9999901,AN,MEMORY,memory,MEMORY,MEMORY,MUNICIPAL,PENDENTE_HOMOLOGACAO_MUNICIPAL,
9999904,AN,WEBFISCO,webfisco,WEBFISCO,WEBFISCO,MUNICIPAL,PENDENTE_HOMOLOGACAO_MUNICIPAL,
1600303,AP,Macapá,macapa,ABRASF_SHARED,ABRASF_SHARED,MUNICIPAL,PENDENTE_HOMOLOGACAO_MUNICIPAL,
2900702,BA,Alagoinhas,alagoinhas,WEBISS,WEBISS,MUNICIPAL,PENDENTE_HOMOLOGACAO_MUNICIPAL,
2903201,BA,Barreiras,barreiras,EL,EL,MUNICIPAL,PENDENTE_HOMOLOGACAO_MUNICIPAL,
2904605,BA,Brumado,brumado,WEBISS,WEBISS,MUNICIPAL,PENDENTE_HOMOLOGACAO_MUNICIPAL,
2905701,BA,Camaçari,camacari,PRODEB,PRODEB,MUNICIPAL,PENDENTE_HOMOLOGACAO_MUNICIPAL,
2906501,BA,Candeias,candeias,WEBISS,WEBISS,MUNICIPAL,PENDENTE_HOMOLOGACAO_MUNICIPAL,
2910800,BA,"Feira de Santana",feira-de-santana,WEBISS,WEBISS,MUNICIPAL,PENDENTE_HOMOLOGACAO_MUNICIPAL,
2912202,BA,Ibicoara,ibicoara,EL,EL,MUNICIPAL,PENDENTE_HOMOLOGACAO_MUNICIPAL,
2914703,BA,Itaberaba,itaberaba,ADM_SISTEMAS,ADM_SISTEMAS,MUNICIPAL,PENDENTE_HOMOLOGACAO_MUNICIPAL,
2914802,BA,Itabuna,itabuna,WEBISS,WEBISS,MUNICIPAL,PENDENTE_HOMOLOGACAO_MUNICIPAL,
2917508,BA,Jacobina,jacobina,ADM_SISTEMAS,ADM_SISTEMAS,MUNICIPAL,PENDENTE_HOMOLOGACAO_MUNICIPAL,
2918407,BA,Juazeiro,juazeiro,WEBISS,WEBISS,MUNICIPAL,PENDENTE_HOMOLOGACAO_MUNICIPAL,
2925303,BA,"Porto Seguro",porto-seguro,WEBISS,WEBISS,MUNICIPAL,PENDENTE_HOMOLOGACAO_MUNICIPAL,
2927408,BA,Salvador,salvador,SALVADOR_BA,SALVADOR_BA,MUNICIPAL,PENDENTE_HOMOLOGACAO_MUNICIPAL,
2928703,BA,"Santo Antônio de Jesus",santo-antonio-de-jesus,WEBISS,WEBISS,MUNICIPAL,PENDENTE_HOMOLOGACAO_MUNICIPAL,
2930105,BA,"Senhor do Bonfim",senhor-do-bonfim,WEBISS,WEBISS,MUNICIPAL,PENDENTE_HOMOLOGACAO_MUNICIPAL,
2930709,BA,"Simões Filho",simoes-filho,EL,EL,MUNICIPAL,PENDENTE_HOMOLOGACAO_MUNICIPAL,
2931350,BA,"Teixeira de Freitas",teixeira-de-freitas,MODERNIZACAO_PUBLICA,MODERNIZACAO_PUBLICA,MUNICIPAL,PENDENTE_HOMOLOGACAO_MUNICIPAL,
2932903,BA,Valença,valenca,EL,EL,MUNICIPAL,PENDENTE_HOMOLOGACAO_MUNICIPAL,
2933307,BA,"Vitória da Conquista",vitoria-da-conquista,EL,EL,MUNICIPAL,PENDENTE_HOMOLOGACAO_MUNICIPAL,
2304285,CE,Eusébio,eusebio,INTERSOL,INTERSOL,MUNICIPAL,PENDENTE_HOMOLOGACAO_MUNICIPAL,
2304400,CE,Fortaleza,fortaleza,GINFES,GINFES,MUNICIPAL,PENDENTE_HOMOLOGACAO_MUNICIPAL,
2307650,CE,Maracanaú,maracanau,INTERSOL,INTERSOL,MUNICIPAL,PENDENTE_HOMOLOGACAO_MUNICIPAL,
2312908,CE,Sobral,sobral,INTERSOL,INTERSOL,MUNICIPAL,PENDENTE_HOMOLOGACAO_MUNICIPAL,
5300108,DF,Brasília,brasilia,ISSNET,ISSNET,MUNICIPAL,PENDENTE_HOMOLOGACAO_MUNICIPAL,
3201308,ES,Cariacica,cariacica,SMARAPD,SMARAPD,MUNICIPAL,PENDENTE_HOMOLOGACAO_MUNICIPAL,
3203205,ES,Linhares,linhares,EL,EL,MUNICIPAL,PENDENTE_HOMOLOGACAO_MUNICIPAL,
3204203,ES,Piuma,piuma,EL,EL,MUNICIPAL,PENDENTE_HOMOLOGACAO_MUNICIPAL,
3205101,ES,Viana,viana,EL,EL,MUNICIPAL,PENDENTE_HOMOLOGACAO_MUNICIPAL,
3205200,ES,"Vila Velha",vila-velha,SMARAPD,SMARAPD,MUNICIPAL,PENDENTE_HOMOLOGACAO_MUNICIPAL,
5201108,GO,Anápolis,anapolis,ISSNET,ISSNET,MUNICIPAL,PENDENTE_HOMOLOGACAO_MUNICIPAL,
5201405,GO,"Aparecida de Goiânia",aparecida-de-goiania,ISSNET,ISSNET,MUNICIPAL,PENDENTE_HOMOLOGACAO_MUNICIPAL,
5205109,GO,Catalão,catalao,PRODATA,PRODATA,MUNICIPAL,PENDENTE_HOMOLOGACAO_MUNICIPAL,
5206206,GO,Cristalina,cristalina,BSITBR,BSITBR,MUNICIPAL,PENDENTE_HOMOLOGACAO_MUNICIPAL,
5207402,GO,Edéia,edeia,CENTI,CENTI,MUNICIPAL,PENDENTE_HOMOLOGACAO_MUNICIPAL,
5208707,GO,Goiânia,goiania,ISSNET,ISSNET,MUNICIPAL,PENDENTE_HOMOLOGACAO_MUNICIPAL,
5211503,GO,Itumbiara,itumbiara,CENTI,CENTI,MUNICIPAL,PENDENTE_HOMOLOGACAO_MUNICIPAL,
5211909,GO,Jataí,jatai,BSITBR,BSITBR,MUNICIPAL,PENDENTE_HOMOLOGACAO_MUNICIPAL,
5212600,GO,Mairipotaba,mairipotaba,MEGASOFT,MEGASOFT,MUNICIPAL,PENDENTE_HOMOLOGACAO_MUNICIPAL,
5213103,GO,"Mineir os",mineir-os,GINFES,GINFES,MUNICIPAL,PENDENTE_HOMOLOGACAO_MUNICIPAL,
5213806,GO,Morrinhos,morrinhos,PRODATA,PRODATA,MUNICIPAL,PENDENTE_HOMOLOGACAO_MUNICIPAL,
5215306,GO,Orizona,orizona,BSITBR,BSITBR,MUNICIPAL,PENDENTE_HOMOLOGACAO_MUNICIPAL,
5218003,GO,Porangatu,porangatu,CENTI,CENTI,MUNICIPAL,PENDENTE_HOMOLOGACAO_MUNICIPAL,
5218391,GO,"Professor Jamil",professor-jamil,MEGASOFT,MEGASOFT,MUNICIPAL,PENDENTE_HOMOLOGACAO_MUNICIPAL,
5218805,GO,"Rio Verde",rio-verde,BETHA,BETHA,MUNICIPAL,PENDENTE_HOMOLOGACAO_MUNICIPAL,
5220454,GO,"Senador Canedo",senador-canedo,FIORILLI,FIORILLI,MUNICIPAL,PENDENTE_HOMOLOGACAO_MUNICIPAL,
3101102,MG,Aimorés,aimores,PORTAL_FACIL,PORTAL_FACIL,MUNICIPAL,PENDENTE_HOMOLOGACAO_MUNICIPAL,
3101607,MG,Alfenas,alfenas,BETHA,BETHA,MUNICIPAL,PENDENTE_HOMOLOGACAO_MUNICIPAL,
3102001,MG,Alterosa,alterosa,BETHA,BETHA,MUNICIPAL,PENDENTE_HOMOLOGACAO_MUNICIPAL,
3101508,MG,"Além Paraíba",alem-paraiba,PORTAL_FACIL,PORTAL_FACIL,MUNICIPAL,PENDENTE_HOMOLOGACAO_MUNICIPAL,
3103504,MG,Araguari,araguari,SONNER,SONNER,MUNICIPAL,PENDENTE_HOMOLOGACAO_MUNICIPAL,
3104205,MG,Arcos,arcos,WEBISS,WEBISS,MUNICIPAL,PENDENTE_HOMOLOGACAO_MUNICIPAL,
3105608,MG,Barbacena,barbacena,WEBISS,WEBISS,MUNICIPAL,PENDENTE_HOMOLOGACAO_MUNICIPAL,
3107406,MG,"Bom Despacho",bom-despacho,IPM,IPM,MUNICIPAL,PENDENTE_HOMOLOGACAO_MUNICIPAL,
3113404,MG,Caratinga,caratinga,PRONIN,PRONIN,MUNICIPAL,PENDENTE_HOMOLOGACAO_MUNICIPAL,
3116605,MG,Cláudio,claudio,BETHA,BETHA,MUNICIPAL,PENDENTE_HOMOLOGACAO_MUNICIPAL,
3126109,MG,Formiga,formiga,WEBISS,WEBISS,MUNICIPAL,PENDENTE_HOMOLOGACAO_MUNICIPAL,
3130101,MG,Igarapé,igarape,QUASAR,QUASAR,MUNICIPAL,PENDENTE_HOMOLOGACAO_MUNICIPAL,
3130200,MG,Igaratinga,igaratinga,BETHA,BETHA,MUNICIPAL,PENDENTE_HOMOLOGACAO_MUNICIPAL,
3131307,MG,Ipatinga,ipatinga,SIGCORP_SIGISS,SIGCORP_SIGISS,MUNICIPAL,PENDENTE_HOMOLOGACAO_MUNICIPAL,
3136207,MG,"João Monlevade",joao-monlevade,EL,EL,MUNICIPAL,PENDENTE_HOMOLOGACAO_MUNICIPAL,
3136702,MG,"Juiz de Fora",juiz-de-fora,FINTEL,FINTEL,MUNICIPAL,PENDENTE_HOMOLOGACAO_MUNICIPAL,
3138203,MG,Lavras,lavras,SONNER,SONNER,MUNICIPAL,PENDENTE_HOMOLOGACAO_MUNICIPAL,
3139409,MG,Manhuaçu,manhuacu,EL,EL,MUNICIPAL,PENDENTE_HOMOLOGACAO_MUNICIPAL,
3139607,MG,Mantena,mantena,BETHA,BETHA,MUNICIPAL,PENDENTE_HOMOLOGACAO_MUNICIPAL,
3141108,MG,Matozinhos,matozinhos,MEMORY,MEMORY,MUNICIPAL,PENDENTE_HOMOLOGACAO_MUNICIPAL,
3145208,MG,"Nova Serrana",nova-serrana,SIGCORP_SIGISS,SIGCORP_SIGISS,MUNICIPAL,PENDENTE_HOMOLOGACAO_MUNICIPAL,
3147105,MG,"Pará de Minas",para-de-minas,QUASAR,QUASAR,MUNICIPAL,PENDENTE_HOMOLOGACAO_MUNICIPAL,
3147907,MG,Passos,passos,WEBISS,WEBISS,MUNICIPAL,PENDENTE_HOMOLOGACAO_MUNICIPAL,
3148103,MG,Patrocínio,patrocinio,SIMPLISS,SIMPLISS,MUNICIPAL,PENDENTE_HOMOLOGACAO_MUNICIPAL,
3149309,MG,"Pedro Leopoldo",pedro-leopoldo,SONNER,SONNER,MUNICIPAL,PENDENTE_HOMOLOGACAO_MUNICIPAL,
3151800,MG,"Poços de Caldas",pocos-de-caldas,SONNER,SONNER,MUNICIPAL,PENDENTE_HOMOLOGACAO_MUNICIPAL,
3152808,MG,Prata,prata,SONNER,SONNER,MUNICIPAL,PENDENTE_HOMOLOGACAO_MUNICIPAL,
3158300,MG,"Santana da Vargem",santana-da-vargem,BETHA,BETHA,MUNICIPAL,PENDENTE_HOMOLOGACAO_MUNICIPAL,
3161809,MG,"São Gonçalo do Pará",sao-goncalo-do-para,WEBISS,WEBISS,MUNICIPAL,PENDENTE_HOMOLOGACAO_MUNICIPAL,
3162955,MG,"São José da Lapa",sao-jose-da-lapa,SONNER,SONNER,MUNICIPAL,PENDENTE_HOMOLOGACAO_MUNICIPAL,
3162708,MG,"São João do Paraíso",sao-joao-do-paraiso,EL,EL,MUNICIPAL,PENDENTE_HOMOLOGACAO_MUNICIPAL,
3168002,MG,Taiobeiras,taiobeiras,EL,EL,MUNICIPAL,PENDENTE_HOMOLOGACAO_MUNICIPAL,
3170107,MG,Uberaba,uberaba,WEBISS,WEBISS,MUNICIPAL,PENDENTE_HOMOLOGACAO_MUNICIPAL,
3170701,MG,Varginha,varginha,BETHA,BETHA,MUNICIPAL,PENDENTE_HOMOLOGACAO_MUNICIPAL,
5000609,MS,Amambai,amambai,FIORILLI,FIORILLI,MUNICIPAL,PENDENTE_HOMOLOGACAO_MUNICIPAL,
5002407,MS,Caarapó,caarapo,BETHA,BETHA,MUNICIPAL,PENDENTE_HOMOLOGACAO_MUNICIPAL,
5002704,MS,"Campo Grande",campo-grande,ABRASF_SHARED,ABRASF_SHARED,MUNICIPAL,PENDENTE_HOMOLOGACAO_MUNICIPAL,
5003207,MS,Corumbá,corumba,FIORILLI,FIORILLI,MUNICIPAL,PENDENTE_HOMOLOGACAO_MUNICIPAL,
5003454,MS,Deodápolis,deodapolis,BETHA,BETHA,MUNICIPAL,PENDENTE_HOMOLOGACAO_MUNICIPAL,
5004601,MS,Itaquiraí,itaquirai,BETHA,BETHA,MUNICIPAL,PENDENTE_HOMOLOGACAO_MUNICIPAL,
5005400,MS,Maracaju,maracaju,BETHA,BETHA,MUNICIPAL,PENDENTE_HOMOLOGACAO_MUNICIPAL,
5005681,MS,"Mundo Novo",mundo-novo,BETHA,BETHA,MUNICIPAL,PENDENTE_HOMOLOGACAO_MUNICIPAL,
5005707,MS,Naviraí,navirai,ELOTECH,ELOTECH,MUNICIPAL,PENDENTE_HOMOLOGACAO_MUNICIPAL,
5006259,MS,"Novo Horizonte do Sul",novo-horizonte-do-sul,BETHA,BETHA,MUNICIPAL,PENDENTE_HOMOLOGACAO_MUNICIPAL,
5006903,MS,"Porto Murtinho",porto-murtinho,BETHA,BETHA,MUNICIPAL,PENDENTE_HOMOLOGACAO_MUNICIPAL,
5007109,MS,"Ribas do Rio Pardo",ribas-do-rio-pardo,FIORILLI,FIORILLI,MUNICIPAL,PENDENTE_HOMOLOGACAO_MUNICIPAL,
5007208,MS,"Rio Brilhante",rio-brilhante,BETHA,BETHA,MUNICIPAL,PENDENTE_HOMOLOGACAO_MUNICIPAL,
5007406,MS,"Rio Verde de Mato Grosso",rio-verde-de-mato-grosso,BETHA,BETHA,MUNICIPAL,PENDENTE_HOMOLOGACAO_MUNICIPAL,
5007976,MS,Taquarussu,taquarussu,BETHA,BETHA,MUNICIPAL,PENDENTE_HOMOLOGACAO_MUNICIPAL,
5101803,MT,"Barra do Garças",barra-do-garcas,COPLAN,COPLAN,MUNICIPAL,PENDENTE_HOMOLOGACAO_MUNICIPAL,
5102637,MT,"Campo Novo do Parecis",campo-novo-do-parecis,COPLAN,COPLAN,MUNICIPAL,PENDENTE_HOMOLOGACAO_MUNICIPAL,
5103205,MT,Colíder,colider,COPLAN,COPLAN,MUNICIPAL,PENDENTE_HOMOLOGACAO_MUNICIPAL,
5103403,MT,Cuiabá,cuiaba,ISSNET,ISSNET,MUNICIPAL,PENDENTE_HOMOLOGACAO_MUNICIPAL,
5102504,MT,Cáceres,caceres,RLZ_INFORMATICA,RLZ_INFORMATICA,MUNICIPAL,PENDENTE_HOMOLOGACAO_MUNICIPAL,
5104542,MT,Itanhangá,itanhanga,WEBISS,WEBISS,MUNICIPAL,PENDENTE_HOMOLOGACAO_MUNICIPAL,
5105200,MT,Juscimeira,juscimeira,COPLAN,COPLAN,MUNICIPAL,PENDENTE_HOMOLOGACAO_MUNICIPAL,
5105606,MT,Matupá,matupa,COPLAN,COPLAN,MUNICIPAL,PENDENTE_HOMOLOGACAO_MUNICIPAL,
5106224,MT,"Nova Mutum",nova-mutum,COPLAN,COPLAN,MUNICIPAL,PENDENTE_HOMOLOGACAO_MUNICIPAL,
5106422,MT,"Peixoto de Azevedo",peixoto-de-azevedo,COPLAN,COPLAN,MUNICIPAL,PENDENTE_HOMOLOGACAO_MUNICIPAL,
5107040,MT,"Primavera do Leste",primavera-do-leste,RLZ_INFORMATICA,RLZ_INFORMATICA,MUNICIPAL,PENDENTE_HOMOLOGACAO_MUNICIPAL,
5107602,MT,Rondonópolis,rondonopolis,AGILI,AGILI,MUNICIPAL,PENDENTE_HOMOLOGACAO_MUNICIPAL,
5107305,MT,"São José do Rio Claro",sao-jose-do-rio-claro,COPLAN,COPLAN,MUNICIPAL,PENDENTE_HOMOLOGACAO_MUNICIPAL,
5107958,MT,"Tangará da Serra",tangara-da-serra,CENTI,CENTI,MUNICIPAL,PENDENTE_HOMOLOGACAO_MUNICIPAL,
5108600,MT,"Vila Rica",vila-rica,BETHA,BETHA,MUNICIPAL,PENDENTE_HOMOLOGACAO_MUNICIPAL,
5100201,MT,"Água Boa",agua-boa,COPLAN,COPLAN,MUNICIPAL,PENDENTE_HOMOLOGACAO_MUNICIPAL,
1502152,PA,"Canaã dos Carajás",canaa-dos-carajas,FIORILLI,FIORILLI,MUNICIPAL,PENDENTE_HOMOLOGACAO_MUNICIPAL,
1503606,PA,Itaituba,itaituba,FIORILLI,FIORILLI,MUNICIPAL,PENDENTE_HOMOLOGACAO_MUNICIPAL,
2503209,PB,Cabedelo,cabedelo,TINUS,TINUS,MUNICIPAL,PENDENTE_HOMOLOGACAO_MUNICIPAL,
2504009,PB,"Campina Grande",campina-grande,WEBISS,WEBISS,MUNICIPAL,PENDENTE_HOMOLOGACAO_MUNICIPAL,
2507507,PB,"João Pessoa",joao-pessoa,ABRASF_SHARED,ABRASF_SHARED,MUNICIPAL,PENDENTE_HOMOLOGACAO_MUNICIPAL,
2601102,PE,Araripina,araripina,HM2SOLUCOES,HM2SOLUCOES,MUNICIPAL,PENDENTE_HOMOLOGACAO_MUNICIPAL,
2602902,PE,"Cabo de Santo Agostinho",cabo-de-santo-agostinho,TINUS,TINUS,MUNICIPAL,PENDENTE_HOMOLOGACAO_MUNICIPAL,
2604106,PE,Caruaru,caruaru,GINFES,GINFES,MUNICIPAL,PENDENTE_HOMOLOGACAO_MUNICIPAL,
2606002,PE,Garanhuns,garanhuns,TINUS,TINUS,MUNICIPAL,PENDENTE_HOMOLOGACAO_MUNICIPAL,
2606200,PE,Goiana,goiana,TINUS,TINUS,MUNICIPAL,PENDENTE_HOMOLOGACAO_MUNICIPAL,
2606408,PE,Gravatá,gravata,TRIBUTUS,TRIBUTUS,MUNICIPAL,PENDENTE_HOMOLOGACAO_MUNICIPAL,
2607208,PE,Ipojuca,ipojuca,TINUS,TINUS,MUNICIPAL,PENDENTE_HOMOLOGACAO_MUNICIPAL,
2607901,PE,"Jaboatão dos Guararapes",jaboatao-dos-guararapes,TINUS,TINUS,MUNICIPAL,PENDENTE_HOMOLOGACAO_MUNICIPAL,
2609600,PE,Olinda,olinda,TINUS,TINUS,MUNICIPAL,PENDENTE_HOMOLOGACAO_MUNICIPAL,
2610004,PE,Palmares,palmares,TRIBUTUS,TRIBUTUS,MUNICIPAL,PENDENTE_HOMOLOGACAO_MUNICIPAL,
2610707,PE,Paulista,paulista,GISSONLINE,GISSONLINE,MUNICIPAL,PENDENTE_HOMOLOGACAO_MUNICIPAL,
2612505,PE,"Santa Cruz do Capibaribe",santa-cruz-do-capibaribe,TINUS,TINUS,MUNICIPAL,PENDENTE_HOMOLOGACAO_MUNICIPAL,
2616407,PE,"Vitória de Santo Antão",vitoria-de-santo-antao,TINUS,TINUS,MUNICIPAL,PENDENTE_HOMOLOGACAO_MUNICIPAL,
2205953,PI,Marcolândia,marcolandia,FIORILLI,FIORILLI,MUNICIPAL,PENDENTE_HOMOLOGACAO_MUNICIPAL,
2211001,PI,Teresina,teresina,ABRASF_SHARED,ABRASF_SHARED,MUNICIPAL,PENDENTE_HOMOLOGACAO_MUNICIPAL,
4101606,PR,Arapoti,arapoti,EQUIPLANO,EQUIPLANO,MUNICIPAL,PENDENTE_HOMOLOGACAO_MUNICIPAL,
4102109,PR,Astorga,astorga,ELOTECH,ELOTECH,MUNICIPAL,PENDENTE_HOMOLOGACAO_MUNICIPAL,
4102406,PR,Bandeirantes,bandeirantes,BETHA,BETHA,MUNICIPAL,PENDENTE_HOMOLOGACAO_MUNICIPAL,
4103453,PR,Cafelândia,cafelandia,EQUIPLANO,EQUIPLANO,MUNICIPAL,PENDENTE_HOMOLOGACAO_MUNICIPAL,
4104006,PR,"Campina Grande do Sul",campina-grande-do-sul,ELOTECH,ELOTECH,MUNICIPAL,PENDENTE_HOMOLOGACAO_MUNICIPAL,
4104204,PR,"Campo Largo",campo-largo,IPM,IPM,MUNICIPAL,PENDENTE_HOMOLOGACAO_MUNICIPAL,
4104303,PR,"Campo Mourão",campo-mourao,IPM,IPM,MUNICIPAL,PENDENTE_HOMOLOGACAO_MUNICIPAL,
4104428,PR,Candói,candoi,EQUIPLANO,EQUIPLANO,MUNICIPAL,PENDENTE_HOMOLOGACAO_MUNICIPAL,
4104501,PR,Capanema,capanema,EQUIPLANO,EQUIPLANO,MUNICIPAL,PENDENTE_HOMOLOGACAO_MUNICIPAL,
4104808,PR,Cascavel,cascavel,IPM,IPM,MUNICIPAL,PENDENTE_HOMOLOGACAO_MUNICIPAL,
4104907,PR,Castro,castro,IPM,IPM,MUNICIPAL,PENDENTE_HOMOLOGACAO_MUNICIPAL,
4107207,PR,"Dois Vizinhos",dois-vizinhos,EQUIPLANO,EQUIPLANO,MUNICIPAL,PENDENTE_HOMOLOGACAO_MUNICIPAL,
4107652,PR,"Fazenda Rio Grande",fazenda-rio-grande,BETHA,BETHA,MUNICIPAL,PENDENTE_HOMOLOGACAO_MUNICIPAL,
4108304,PR,"Foz do Iguaçu",foz-do-iguacu,WEBISS,WEBISS,MUNICIPAL,PENDENTE_HOMOLOGACAO_MUNICIPAL,
4108403,PR,"Francisco Beltrão",francisco-beltrao,EQUIPLANO,EQUIPLANO,MUNICIPAL,PENDENTE_HOMOLOGACAO_MUNICIPAL,
4108809,PR,Guaíra,guaira,IPM,IPM,MUNICIPAL,PENDENTE_HOMOLOGACAO_MUNICIPAL,
4110102,PR,Imbituva,imbituva,EQUIPLANO,EQUIPLANO,MUNICIPAL,PENDENTE_HOMOLOGACAO_MUNICIPAL,
4110706,PR,Irati,irati,ELOTECH,ELOTECH,MUNICIPAL,PENDENTE_HOMOLOGACAO_MUNICIPAL,
4111902,PR,Jaguapitã,jaguapita,ELOTECH,ELOTECH,MUNICIPAL,PENDENTE_HOMOLOGACAO_MUNICIPAL,
4113254,PR,Laranjal,laranjal,EQUIPLANO,EQUIPLANO,MUNICIPAL,PENDENTE_HOMOLOGACAO_MUNICIPAL,
4113304,PR,"Laranjeiras do Sul",laranjeiras-do-sul,EQUIPLANO,EQUIPLANO,MUNICIPAL,PENDENTE_HOMOLOGACAO_MUNICIPAL,
4113502,PR,Loanda,loanda,ELOTECH,ELOTECH,MUNICIPAL,PENDENTE_HOMOLOGACAO_MUNICIPAL,
4114609,PR,"Marechal Cândido Rondon",marechal-candido-rondon,IPM,IPM,MUNICIPAL,PENDENTE_HOMOLOGACAO_MUNICIPAL,
4115804,PR,Medianeira,medianeira,ELOTECH,ELOTECH,MUNICIPAL,PENDENTE_HOMOLOGACAO_MUNICIPAL,
4116059,PR,Missal,missal,EQUIPLANO,EQUIPLANO,MUNICIPAL,PENDENTE_HOMOLOGACAO_MUNICIPAL,
4117701,PR,Palmeira,palmeira,ELOTECH,ELOTECH,MUNICIPAL,PENDENTE_HOMOLOGACAO_MUNICIPAL,
4117800,PR,Palmital,palmital,EQUIPLANO,EQUIPLANO,MUNICIPAL,PENDENTE_HOMOLOGACAO_MUNICIPAL,
4118204,PR,Paranaguá,paranagua,IPM,IPM,MUNICIPAL,PENDENTE_HOMOLOGACAO_MUNICIPAL,
4118402,PR,Paranavaí,paranavai,IPM,IPM,MUNICIPAL,PENDENTE_HOMOLOGACAO_MUNICIPAL,
4118006,PR,"Paraíso do Norte",paraiso-do-norte,IPM,IPM,MUNICIPAL,PENDENTE_HOMOLOGACAO_MUNICIPAL,
4118501,PR,"Pato Branco",pato-branco,PRONIN,PRONIN,MUNICIPAL,PENDENTE_HOMOLOGACAO_MUNICIPAL,
4119152,PR,Pinhais,pinhais,IPM,IPM,MUNICIPAL,PENDENTE_HOMOLOGACAO_MUNICIPAL,
4119509,PR,Piraquara,piraquara,ELOTECH,ELOTECH,MUNICIPAL,PENDENTE_HOMOLOGACAO_MUNICIPAL,
4119905,PR,"Ponta Grossa",ponta-grossa,ELOTECH,ELOTECH,MUNICIPAL,PENDENTE_HOMOLOGACAO_MUNICIPAL,
4120358,PR,Pranchita,pranchita,EQUIPLANO,EQUIPLANO,MUNICIPAL,PENDENTE_HOMOLOGACAO_MUNICIPAL,
4120408,PR,"Presidente Castelo Branco",presidente-castelo-branco,BETHA,BETHA,MUNICIPAL,PENDENTE_HOMOLOGACAO_MUNICIPAL,
4120606,PR,Prudentópolis,prudentopolis,EQUIPLANO,EQUIPLANO,MUNICIPAL,PENDENTE_HOMOLOGACAO_MUNICIPAL,
4120804,PR,"Quatro Barras",quatro-barras,ELOTECH,ELOTECH,MUNICIPAL,PENDENTE_HOMOLOGACAO_MUNICIPAL,
4122008,PR,"Rio Azul",rio-azul,EQUIPLANO,EQUIPLANO,MUNICIPAL,PENDENTE_HOMOLOGACAO_MUNICIPAL,
4122404,PR,Rolândia,rolandia,PRONIN,PRONIN,MUNICIPAL,PENDENTE_HOMOLOGACAO_MUNICIPAL,
4124020,PR,"Santa Tereza do Oeste",santa-tereza-do-oeste,BETHA,BETHA,MUNICIPAL,PENDENTE_HOMOLOGACAO_MUNICIPAL,
4124053,PR,"Santa Terezinha de Itaipu",santa-terezinha-de-itaipu,PRONIN,PRONIN,MUNICIPAL,PENDENTE_HOMOLOGACAO_MUNICIPAL,
4124103,PR,"Santo Antônio da Platina",santo-antonio-da-platina,IPM,IPM,MUNICIPAL,PENDENTE_HOMOLOGACAO_MUNICIPAL,
4124400,PR,"Santo Antônio do Sudoeste",santo-antonio-do-sudoeste,EQUIPLANO,EQUIPLANO,MUNICIPAL,PENDENTE_HOMOLOGACAO_MUNICIPAL,
4126306,PR,Sengés,senges,EQUIPLANO,EQUIPLANO,MUNICIPAL,PENDENTE_HOMOLOGACAO_MUNICIPAL,
4127205,PR,"Terra Boa",terra-boa,ELOTECH,ELOTECH,MUNICIPAL,PENDENTE_HOMOLOGACAO_MUNICIPAL,
4128104,PR,Umuarama,umuarama,GISSONLINE,GISSONLINE,MUNICIPAL,PENDENTE_HOMOLOGACAO_MUNICIPAL,
3300100,RJ,"Angra dos Reis",angra-dos-reis,TIPLAN,TIPLAN,MUNICIPAL,PENDENTE_HOMOLOGACAO_MUNICIPAL,
3300209,RJ,Araruama,araruama,BETHA,BETHA,MUNICIPAL,PENDENTE_HOMOLOGACAO_MUNICIPAL,
3300407,RJ,"Barra Mansa",barra-mansa,COPLAN,COPLAN,MUNICIPAL,PENDENTE_HOMOLOGACAO_MUNICIPAL,
3300308,RJ,"Barra do Piraí",barra-do-pirai,WEBISS,WEBISS,MUNICIPAL,PENDENTE_HOMOLOGACAO_MUNICIPAL,
3300704,RJ,"Cabo Frio",cabo-frio,NOBESISTEMAS,NOBESISTEMAS,MUNICIPAL,PENDENTE_HOMOLOGACAO_MUNICIPAL,
3301009,RJ,"Campos dos Goytacazes",campos-dos-goytacazes,GINFES,GINFES,MUNICIPAL,PENDENTE_HOMOLOGACAO_MUNICIPAL,
3301702,RJ,"Duque de Caxias",duque-de-caxias,ISSNET,ISSNET,MUNICIPAL,PENDENTE_HOMOLOGACAO_MUNICIPAL,
3302205,RJ,Itaperuna,itaperuna,PRONIN,PRONIN,MUNICIPAL,PENDENTE_HOMOLOGACAO_MUNICIPAL,
3302403,RJ,Macaé,macae,TIPLAN,TIPLAN,MUNICIPAL,PENDENTE_HOMOLOGACAO_MUNICIPAL,
3302502,RJ,Magé,mage,MODERNIZACAO_PUBLICA,MODERNIZACAO_PUBLICA,MUNICIPAL,PENDENTE_HOMOLOGACAO_MUNICIPAL,
3303500,RJ,"Nova Iguaçu",nova-iguacu,ABRASF_SHARED,ABRASF_SHARED,MUNICIPAL,PENDENTE_HOMOLOGACAO_MUNICIPAL,
3303609,RJ,Paracambi,paracambi,FINTEL,FINTEL,MUNICIPAL,PENDENTE_HOMOLOGACAO_MUNICIPAL,
3303955,RJ,Pinheiral,pinheiral,BETHA,BETHA,MUNICIPAL,PENDENTE_HOMOLOGACAO_MUNICIPAL,
3304003,RJ,Piraí,pirai,TIPLAN,TIPLAN,MUNICIPAL,PENDENTE_HOMOLOGACAO_MUNICIPAL,
3305208,RJ,"São Pedro da Aldeia",sao-pedro-da-aldeia,MODERNIZACAO_PUBLICA,MODERNIZACAO_PUBLICA,MUNICIPAL,PENDENTE_HOMOLOGACAO_MUNICIPAL,
3305802,RJ,Teresópolis,teresopolis,FIORILLI,FIORILLI,MUNICIPAL,PENDENTE_HOMOLOGACAO_MUNICIPAL,
3306305,RJ,"Volta Redonda",volta-redonda,SIMPLISS,SIMPLISS,MUNICIPAL,PENDENTE_HOMOLOGACAO_MUNICIPAL,
2400208,RN,Assú,assu,PUBLICA,PUBLICA,MUNICIPAL,PENDENTE_HOMOLOGACAO_MUNICIPAL,
2408003,RN,Mossoró,mossoro,TINUS,TINUS,MUNICIPAL,PENDENTE_HOMOLOGACAO_MUNICIPAL,
2412005,RN,"São Gonçalo do Amarante",sao-goncalo-do-amarante,TINUS,TINUS,MUNICIPAL,PENDENTE_HOMOLOGACAO_MUNICIPAL,
1100023,RO,Ariquemes,ariquemes,FIORILLI,FIORILLI,MUNICIPAL,PENDENTE_HOMOLOGACAO_MUNICIPAL,
1100049,RO,Cacoal,cacoal,WEBISS,WEBISS,MUNICIPAL,PENDENTE_HOMOLOGACAO_MUNICIPAL,
1100122,RO,Ji,ji,FIORILLI,FIORILLI,MUNICIPAL,PENDENTE_HOMOLOGACAO_MUNICIPAL,
1100205,RO,"Porto Velho",porto-velho,EL,EL,MUNICIPAL,PENDENTE_HOMOLOGACAO_MUNICIPAL,
1100304,RO,Vilhena,vilhena,WEBISS,WEBISS,MUNICIPAL,PENDENTE_HOMOLOGACAO_MUNICIPAL,
4300109,RS,Agudo,agudo,PRONIN,PRONIN,MUNICIPAL,PENDENTE_HOMOLOGACAO_MUNICIPAL,
4300406,RS,Alegrete,alegrete,PRONIN,PRONIN,MUNICIPAL,PENDENTE_HOMOLOGACAO_MUNICIPAL,
4300604,RS,Alvorada,alvorada,IPM,IPM,MUNICIPAL,PENDENTE_HOMOLOGACAO_MUNICIPAL,
4301057,RS,"Arroio do Sal",arroio-do-sal,PRONIN,PRONIN,MUNICIPAL,PENDENTE_HOMOLOGACAO_MUNICIPAL,
4301602,RS,Bagé,bage,WEBISS,WEBISS,MUNICIPAL,PENDENTE_HOMOLOGACAO_MUNICIPAL,
4302352,RS,"Bom Princípio",bom-principio,TECNOSISTEMAS,TECNOSISTEMAS,MUNICIPAL,PENDENTE_HOMOLOGACAO_MUNICIPAL,
4303004,RS,"Cachoeira do Sul",cachoeira-do-sul,PRONIN,PRONIN,MUNICIPAL,PENDENTE_HOMOLOGACAO_MUNICIPAL,
4303103,RS,Cachoeirinha,cachoeirinha,IPM,IPM,MUNICIPAL,PENDENTE_HOMOLOGACAO_MUNICIPAL,
4303301,RS,Caibaté,caibate,ABASE,ABASE,MUNICIPAL,PENDENTE_HOMOLOGACAO_MUNICIPAL,
4303905,RS,"Campo Bom",campo-bom,GIF,GIF,MUNICIPAL,PENDENTE_HOMOLOGACAO_MUNICIPAL,
4304507,RS,Canguçu,cangucu,PRONIN,PRONIN,MUNICIPAL,PENDENTE_HOMOLOGACAO_MUNICIPAL,
4304606,RS,Canoas,canoas,GIF,GIF,MUNICIPAL,PENDENTE_HOMOLOGACAO_MUNICIPAL,
4304705,RS,Carazinho,carazinho,IPM,IPM,MUNICIPAL,PENDENTE_HOMOLOGACAO_MUNICIPAL,
4304804,RS,"Carlos Barbosa",carlos-barbosa,GIF,GIF,MUNICIPAL,PENDENTE_HOMOLOGACAO_MUNICIPAL,
4305108,RS,"Caxias do Sul",caxias-do-sul,GIF,GIF,MUNICIPAL,PENDENTE_HOMOLOGACAO_MUNICIPAL,
4306106,RS,"Cruz Alta",cruz-alta,ISSNET,ISSNET,MUNICIPAL,PENDENTE_HOMOLOGACAO_MUNICIPAL,
4306403,RS,"Dois Irmãos",dois-irmaos,IPM,IPM,MUNICIPAL,PENDENTE_HOMOLOGACAO_MUNICIPAL,
4306932,RS,Entre,entre,PRONIN,PRONIN,MUNICIPAL,PENDENTE_HOMOLOGACAO_MUNICIPAL,
4307609,RS,"Estância Velha",estancia-velha,IPM,IPM,MUNICIPAL,PENDENTE_HOMOLOGACAO_MUNICIPAL,
4307906,RS,Farroupilha,farroupilha,GIF,GIF,MUNICIPAL,PENDENTE_HOMOLOGACAO_MUNICIPAL,
4308201,RS,"Flores da Cunha",flores-da-cunha,TECNOSISTEMAS,TECNOSISTEMAS,MUNICIPAL,PENDENTE_HOMOLOGACAO_MUNICIPAL,
4308607,RS,Garibaldi,garibaldi,GIF,GIF,MUNICIPAL,PENDENTE_HOMOLOGACAO_MUNICIPAL,
4308904,RS,"Getúlio Vargas",getulio-vargas,PRONIN,PRONIN,MUNICIPAL,PENDENTE_HOMOLOGACAO_MUNICIPAL,
4309001,RS,Giruá,girua,ABASE,ABASE,MUNICIPAL,PENDENTE_HOMOLOGACAO_MUNICIPAL,
4309100,RS,Gramado,gramado,IPM,IPM,MUNICIPAL,PENDENTE_HOMOLOGACAO_MUNICIPAL,
4309209,RS,Gravataí,gravatai,IPM,IPM,MUNICIPAL,PENDENTE_HOMOLOGACAO_MUNICIPAL,
4309308,RS,Guaíba,guaiba,IPM,IPM,MUNICIPAL,PENDENTE_HOMOLOGACAO_MUNICIPAL,
4309555,RS,Harmonia,harmonia,TECNOSISTEMAS,TECNOSISTEMAS,MUNICIPAL,PENDENTE_HOMOLOGACAO_MUNICIPAL,
4309605,RS,Horizontina,horizontina,IPM,IPM,MUNICIPAL,PENDENTE_HOMOLOGACAO_MUNICIPAL,
4310009,RS,Ibirubá,ibiruba,DIGIFRED,DIGIFRED,MUNICIPAL,PENDENTE_HOMOLOGACAO_MUNICIPAL,
4310801,RS,Ivoti,ivoti,TECNOSISTEMAS,TECNOSISTEMAS,MUNICIPAL,PENDENTE_HOMOLOGACAO_MUNICIPAL,
4311791,RS,Maratá,marata,TECNOSISTEMAS,TECNOSISTEMAS,MUNICIPAL,PENDENTE_HOMOLOGACAO_MUNICIPAL,
4306734,RS,"Mauricio Cardoso",mauricio-cardoso,ABASE,ABASE,MUNICIPAL,PENDENTE_HOMOLOGACAO_MUNICIPAL,
4313375,RS,"Nova Santa Rita",nova-santa-rita,IPM,IPM,MUNICIPAL,PENDENTE_HOMOLOGACAO_MUNICIPAL,
4313409,RS,"Novo Hamburgo",novo-hamburgo,IPM,IPM,MUNICIPAL,PENDENTE_HOMOLOGACAO_MUNICIPAL,
4313508,RS,Osório,osorio,IPM,IPM,MUNICIPAL,PENDENTE_HOMOLOGACAO_MUNICIPAL,
4313904,RS,Panambi,panambi,IPM,IPM,MUNICIPAL,PENDENTE_HOMOLOGACAO_MUNICIPAL,
4314035,RS,"Pareci Novo",pareci-novo,TECNOSISTEMAS,TECNOSISTEMAS,MUNICIPAL,PENDENTE_HOMOLOGACAO_MUNICIPAL,
4314159,RS,Paverama,paverama,TECNOSISTEMAS,TECNOSISTEMAS,MUNICIPAL,PENDENTE_HOMOLOGACAO_MUNICIPAL,
4314407,RS,Pelotas,pelotas,AVMB_ASTEN,AVMB_ASTEN,MUNICIPAL,PENDENTE_HOMOLOGACAO_MUNICIPAL,
4314423,RS,"Picada Café",picada-cafe,PRONIN,PRONIN,MUNICIPAL,PENDENTE_HOMOLOGACAO_MUNICIPAL,
4315107,RS,"Porto Xavier",porto-xavier,ABASE,ABASE,MUNICIPAL,PENDENTE_HOMOLOGACAO_MUNICIPAL,
4314803,RS,Portão,portao,TECNOSISTEMAS,TECNOSISTEMAS,MUNICIPAL,PENDENTE_HOMOLOGACAO_MUNICIPAL,
4313953,RS,"Pântano Grande",pantano-grande,PRONIN,PRONIN,MUNICIPAL,PENDENTE_HOMOLOGACAO_MUNICIPAL,
4315602,RS,"Rio Grande",rio-grande,SIGCORP_SIGISS,SIGCORP_SIGISS,MUNICIPAL,PENDENTE_HOMOLOGACAO_MUNICIPAL,
4316006,RS,Rolante,rolante,IPM,IPM,MUNICIPAL,PENDENTE_HOMOLOGACAO_MUNICIPAL,
4316501,RS,"Salvador do Sul",salvador-do-sul,TECNOSISTEMAS,TECNOSISTEMAS,MUNICIPAL,PENDENTE_HOMOLOGACAO_MUNICIPAL,
4316907,RS,"Santa Maria",santa-maria,ISSNET,ISSNET,MUNICIPAL,PENDENTE_HOMOLOGACAO_MUNICIPAL,
4317202,RS,"Santa Rosa",santa-rosa,IPM,IPM,MUNICIPAL,PENDENTE_HOMOLOGACAO_MUNICIPAL,
4317103,RS,"Santana do Livramento",santana-do-livramento,DBSELLER,DBSELLER,MUNICIPAL,PENDENTE_HOMOLOGACAO_MUNICIPAL,
4317707,RS,"Santo Antônio das Missões",santo-antonio-das-missoes,ABASE,ABASE,MUNICIPAL,PENDENTE_HOMOLOGACAO_MUNICIPAL,
4317806,RS,"Santo Augusto",santo-augusto,BETHA,BETHA,MUNICIPAL,PENDENTE_HOMOLOGACAO_MUNICIPAL,
4317905,RS,"Santo Cristo",santo-cristo,ABASE,ABASE,MUNICIPAL,PENDENTE_HOMOLOGACAO_MUNICIPAL,
4317509,RS,"Santo Ângelo",santo-angelo,ABASE,ABASE,MUNICIPAL,PENDENTE_HOMOLOGACAO_MUNICIPAL,
4319901,RS,Sapiranga,sapiranga,DBSELLER,DBSELLER,MUNICIPAL,PENDENTE_HOMOLOGACAO_MUNICIPAL,
4320008,RS,"Sapucaia do Sul",sapucaia-do-sul,GIF,GIF,MUNICIPAL,PENDENTE_HOMOLOGACAO_MUNICIPAL,
4318002,RS,"São Borja",sao-borja,GIF,GIF,MUNICIPAL,PENDENTE_HOMOLOGACAO_MUNICIPAL,
4318309,RS,"São Gabriel",sao-gabriel,PRONIN,PRONIN,MUNICIPAL,PENDENTE_HOMOLOGACAO_MUNICIPAL,
4318614,RS,"São José do Sul",sao-jose-do-sul,TECNOSISTEMAS,TECNOSISTEMAS,MUNICIPAL,PENDENTE_HOMOLOGACAO_MUNICIPAL,
4318903,RS,"São Luiz Gonzaga",sao-luiz-gonzaga,ABASE,ABASE,MUNICIPAL,PENDENTE_HOMOLOGACAO_MUNICIPAL,
4319000,RS,"São Marcos",sao-marcos,TECNOSISTEMAS,TECNOSISTEMAS,MUNICIPAL,PENDENTE_HOMOLOGACAO_MUNICIPAL,
4319505,RS,"São Sebastião do Caí",sao-sebastiao-do-cai,TECNOSISTEMAS,TECNOSISTEMAS,MUNICIPAL,PENDENTE_HOMOLOGACAO_MUNICIPAL,
4321006,RS,Tapera,tapera,PRONIN,PRONIN,MUNICIPAL,PENDENTE_HOMOLOGACAO_MUNICIPAL,
4321402,RS,"Tenente Portela",tenente-portela,BETHA,BETHA,MUNICIPAL,PENDENTE_HOMOLOGACAO_MUNICIPAL,
4321436,RS,"Terra de Areia",terra-de-areia,TECNOSISTEMAS,TECNOSISTEMAS,MUNICIPAL,PENDENTE_HOMOLOGACAO_MUNICIPAL,
4321501,RS,Torres,torres,BETHA,BETHA,MUNICIPAL,PENDENTE_HOMOLOGACAO_MUNICIPAL,
4322004,RS,Triunfo,triunfo,PRONIN,PRONIN,MUNICIPAL,PENDENTE_HOMOLOGACAO_MUNICIPAL,
4321709,RS,"Três Coroas",tres-coroas,PRONIN,PRONIN,MUNICIPAL,PENDENTE_HOMOLOGACAO_MUNICIPAL,
4321808,RS,"Três de Maio",tres-de-maio,ABASE,ABASE,MUNICIPAL,PENDENTE_HOMOLOGACAO_MUNICIPAL,
4322400,RS,Uruguaiana,uruguaiana,PRONIN,PRONIN,MUNICIPAL,PENDENTE_HOMOLOGACAO_MUNICIPAL,
4322509,RS,Vacaria,vacaria,PRONIN,PRONIN,MUNICIPAL,PENDENTE_HOMOLOGACAO_MUNICIPAL,
4322707,RS,"Vera Cruz",vera-cruz,IPM,IPM,MUNICIPAL,PENDENTE_HOMOLOGACAO_MUNICIPAL,
4323002,RS,Viamão,viamao,PRONIN,PRONIN,MUNICIPAL,PENDENTE_HOMOLOGACAO_MUNICIPAL,
4323804,RS,Xangri,xangri,FIORILLI,FIORILLI,MUNICIPAL,PENDENTE_HOMOLOGACAO_MUNICIPAL,
4201307,SC,Araquari,araquari,IPM,IPM,MUNICIPAL,PENDENTE_HOMOLOGACAO_MUNICIPAL,
4202057,SC,"Balneário Barra do Sul",balneario-barra-do-sul,IPM,IPM,MUNICIPAL,PENDENTE_HOMOLOGACAO_MUNICIPAL,
4212809,SC,"Balneário Piçarras",balneario-picarras,IPM,IPM,MUNICIPAL,PENDENTE_HOMOLOGACAO_MUNICIPAL,
4202107,SC,"Barra Velha",barra-velha,IPM,IPM,MUNICIPAL,PENDENTE_HOMOLOGACAO_MUNICIPAL,
4202305,SC,Biguaçu,biguacu,IPM,IPM,MUNICIPAL,PENDENTE_HOMOLOGACAO_MUNICIPAL,
4202404,SC,Blumenau,blumenau,SIMPLISS,SIMPLISS,MUNICIPAL,PENDENTE_HOMOLOGACAO_MUNICIPAL,
4202453,SC,Bombinhas,bombinhas,BETHA,BETHA,MUNICIPAL,PENDENTE_HOMOLOGACAO_MUNICIPAL,
4203204,SC,Camboriú,camboriu,SIMPLE,SIMPLE,MUNICIPAL,PENDENTE_HOMOLOGACAO_MUNICIPAL,
4203303,SC,"Campo Alegre",campo-alegre,IPM,IPM,MUNICIPAL,PENDENTE_HOMOLOGACAO_MUNICIPAL,
4203808,SC,Canoinhas,canoinhas,IPM,IPM,MUNICIPAL,PENDENTE_HOMOLOGACAO_MUNICIPAL,
4204301,SC,Concórdia,concordia,IPM,IPM,MUNICIPAL,PENDENTE_HOMOLOGACAO_MUNICIPAL,
4204509,SC,Corupá,corupa,IPM,IPM,MUNICIPAL,PENDENTE_HOMOLOGACAO_MUNICIPAL,
4204806,SC,Curitibanos,curitibanos,BETHA,BETHA,MUNICIPAL,PENDENTE_HOMOLOGACAO_MUNICIPAL,
4205803,SC,Garuva,garuva,IPM,IPM,MUNICIPAL,PENDENTE_HOMOLOGACAO_MUNICIPAL,
4206108,SC,Grão,grao,BETHA,BETHA,MUNICIPAL,PENDENTE_HOMOLOGACAO_MUNICIPAL,
4206504,SC,Guaramirim,guaramirim,IPM,IPM,MUNICIPAL,PENDENTE_HOMOLOGACAO_MUNICIPAL,
4207502,SC,Indaial,indaial,IPM,IPM,MUNICIPAL,PENDENTE_HOMOLOGACAO_MUNICIPAL,
4208203,SC,Itajaí,itajai,PUBLICA,PUBLICA,MUNICIPAL,PENDENTE_HOMOLOGACAO_MUNICIPAL,
4208450,SC,Itapoá,itapoa,IPM,IPM,MUNICIPAL,PENDENTE_HOMOLOGACAO_MUNICIPAL,
4208609,SC,Jaborá,jabora,BETHA,BETHA,MUNICIPAL,PENDENTE_HOMOLOGACAO_MUNICIPAL,
4209102,SC,Joinville,joinville,PUBLICA,PUBLICA,MUNICIPAL,PENDENTE_HOMOLOGACAO_MUNICIPAL,
4209300,SC,Lages,lages,BETHA,BETHA,MUNICIPAL,PENDENTE_HOMOLOGACAO_MUNICIPAL,
4209904,SC,Lontras,lontras,IPM,IPM,MUNICIPAL,PENDENTE_HOMOLOGACAO_MUNICIPAL,
4210100,SC,Mafra,mafra,PUBLICA,PUBLICA,MUNICIPAL,PENDENTE_HOMOLOGACAO_MUNICIPAL,
4210605,SC,Massaranduba,massaranduba,IPM,IPM,MUNICIPAL,PENDENTE_HOMOLOGACAO_MUNICIPAL,
4211207,SC,"Morro da Fumaça",morro-da-fumaca,BETHA,BETHA,MUNICIPAL,PENDENTE_HOMOLOGACAO_MUNICIPAL,
4211306,SC,Navegantes,navegantes,BETHA,BETHA,MUNICIPAL,PENDENTE_HOMOLOGACAO_MUNICIPAL,
4211801,SC,Ouro,ouro,IPM,IPM,MUNICIPAL,PENDENTE_HOMOLOGACAO_MUNICIPAL,
4211900,SC,Palhoça,palhoca,IPM,IPM,MUNICIPAL,PENDENTE_HOMOLOGACAO_MUNICIPAL,
4212205,SC,Papanduva,papanduva,BETHA,BETHA,MUNICIPAL,PENDENTE_HOMOLOGACAO_MUNICIPAL,
4212403,SC,"Pedras Grandes",pedras-grandes,BETHA,BETHA,MUNICIPAL,PENDENTE_HOMOLOGACAO_MUNICIPAL,
4212502,SC,Penha,penha,IPM,IPM,MUNICIPAL,PENDENTE_HOMOLOGACAO_MUNICIPAL,
4213203,SC,Pomerode,pomerode,IPM,IPM,MUNICIPAL,PENDENTE_HOMOLOGACAO_MUNICIPAL,
4213500,SC,"Porto Belo",porto-belo,IPM,IPM,MUNICIPAL,PENDENTE_HOMOLOGACAO_MUNICIPAL,
4215000,SC,"Rio Negrinho",rio-negrinho,IPM,IPM,MUNICIPAL,PENDENTE_HOMOLOGACAO_MUNICIPAL,
4214805,SC,"Rio do Sul",rio-do-sul,IPM,IPM,MUNICIPAL,PENDENTE_HOMOLOGACAO_MUNICIPAL,
4214706,SC,"Rio dos Cedros",rio-dos-cedros,IPM,IPM,MUNICIPAL,PENDENTE_HOMOLOGACAO_MUNICIPAL,
4215505,SC,"Santa Cecília",santa-cecilia,BETHA,BETHA,MUNICIPAL,PENDENTE_HOMOLOGACAO_MUNICIPAL,
4217402,SC,Schroeder,schroeder,BETHA,BETHA,MUNICIPAL,PENDENTE_HOMOLOGACAO_MUNICIPAL,
4215802,SC,"São Bento do Sul",sao-bento-do-sul,IPM,IPM,MUNICIPAL,PENDENTE_HOMOLOGACAO_MUNICIPAL,
4216206,SC,"São Francisco do Sul",sao-francisco-do-sul,IPM,IPM,MUNICIPAL,PENDENTE_HOMOLOGACAO_MUNICIPAL,
4216602,SC,"São José",sao-jose,IPM,IPM,MUNICIPAL,PENDENTE_HOMOLOGACAO_MUNICIPAL,
4217808,SC,Taió,taio,IPM,IPM,MUNICIPAL,PENDENTE_HOMOLOGACAO_MUNICIPAL,
4218004,SC,Tijucas,tijucas,BETHA,BETHA,MUNICIPAL,PENDENTE_HOMOLOGACAO_MUNICIPAL,
4218202,SC,Timbó,timbo,IPM,IPM,MUNICIPAL,PENDENTE_HOMOLOGACAO_MUNICIPAL,
2800308,SE,Aracaju,aracaju,WEBISS,WEBISS,MUNICIPAL,PENDENTE_HOMOLOGACAO_MUNICIPAL,
2802908,SE,Itabaiana,itabaiana,WEBISS,WEBISS,MUNICIPAL,PENDENTE_HOMOLOGACAO_MUNICIPAL,
2806701,SE,"São Cristóvão",sao-cristovao,WEBISS,WEBISS,MUNICIPAL,PENDENTE_HOMOLOGACAO_MUNICIPAL,
3501608,SP,Americana,americana,TIPLAN,TIPLAN,MUNICIPAL,PENDENTE_HOMOLOGACAO_MUNICIPAL,
3503208,SP,Araraquara,araraquara,GINFES,GINFES,MUNICIPAL,PENDENTE_HOMOLOGACAO_MUNICIPAL,
3503307,SP,Araras,araras,SIGISSWEB,SIGISSWEB,MUNICIPAL,PENDENTE_HOMOLOGACAO_MUNICIPAL,
3504008,SP,Assis,assis,FIORILLI,FIORILLI,MUNICIPAL,PENDENTE_HOMOLOGACAO_MUNICIPAL,
3505203,SP,Bariri,bariri,FIORILLI,FIORILLI,MUNICIPAL,PENDENTE_HOMOLOGACAO_MUNICIPAL,
3505302,SP,"Barra Bonita",barra-bonita,WEBFISCO_TECNOLOGIA,WEBFISCO_TECNOLOGIA,MUNICIPAL,PENDENTE_HOMOLOGACAO_MUNICIPAL,
3505500,SP,Barretos,barretos,RLZ_INFORMATICA,RLZ_INFORMATICA,MUNICIPAL,PENDENTE_HOMOLOGACAO_MUNICIPAL,
3505708,SP,Barueri,barueri,PROPRIOBARUERISP,PROPRIOBARUERISP,MUNICIPAL,PENDENTE_HOMOLOGACAO_MUNICIPAL,
3505807,SP,Bastos,bastos,FIORILLI,FIORILLI,MUNICIPAL,PENDENTE_HOMOLOGACAO_MUNICIPAL,
3506003,SP,Bauru,bauru,SMARAPD,SMARAPD,MUNICIPAL,PENDENTE_HOMOLOGACAO_MUNICIPAL,
3506102,SP,Bebedouro,bebedouro,CONAM,CONAM,MUNICIPAL,PENDENTE_HOMOLOGACAO_MUNICIPAL,
3506359,SP,Bertioga,bertioga,GINFES,GINFES,MUNICIPAL,PENDENTE_HOMOLOGACAO_MUNICIPAL,
3507001,SP,Boituva,boituva,PRONIN,PRONIN,MUNICIPAL,PENDENTE_HOMOLOGACAO_MUNICIPAL,
3507605,SP,"Bragança Paulista",braganca-paulista,CONAM,CONAM,MUNICIPAL,PENDENTE_HOMOLOGACAO_MUNICIPAL,
3509007,SP,Caieiras,caieiras,CONAM,CONAM,MUNICIPAL,PENDENTE_HOMOLOGACAO_MUNICIPAL,
3509403,SP,Cajuru,cajuru,CONAM,CONAM,MUNICIPAL,PENDENTE_HOMOLOGACAO_MUNICIPAL,
3509502,SP,Campinas,campinas,ABRASF_SHARED,ABRASF_SHARED,MUNICIPAL,PENDENTE_HOMOLOGACAO_MUNICIPAL,
3510401,SP,Capivari,capivari,GINFES,GINFES,MUNICIPAL,PENDENTE_HOMOLOGACAO_MUNICIPAL,
3510609,SP,Carapicuíba,carapicuiba,GIAP,GIAP,MUNICIPAL,PENDENTE_HOMOLOGACAO_MUNICIPAL,
3115300,SP,Cataguases,cataguases,VERSATEC,VERSATEC,MUNICIPAL,PENDENTE_HOMOLOGACAO_MUNICIPAL,
3511102,SP,Catanduva,catanduva,RLZ_INFORMATICA,RLZ_INFORMATICA,MUNICIPAL,PENDENTE_HOMOLOGACAO_MUNICIPAL,
3512902,SP,Cosmorama,cosmorama,FIORILLI,FIORILLI,MUNICIPAL,PENDENTE_HOMOLOGACAO_MUNICIPAL,
3513009,SP,Cotia,cotia,GIAP,GIAP,MUNICIPAL,PENDENTE_HOMOLOGACAO_MUNICIPAL,
3513504,SP,Cubatão,cubatao,SMARAPD,SMARAPD,MUNICIPAL,PENDENTE_HOMOLOGACAO_MUNICIPAL,
3513801,SP,Diadema,diadema,GINFES,GINFES,MUNICIPAL,PENDENTE_HOMOLOGACAO_MUNICIPAL,
3514403,SP,Dracena,dracena,ISSNET,ISSNET,MUNICIPAL,PENDENTE_HOMOLOGACAO_MUNICIPAL,
3515004,SP,"Embu das Artes",embu-das-artes,GIAP,GIAP,MUNICIPAL,PENDENTE_HOMOLOGACAO_MUNICIPAL,
3516200,SP,Franca,franca,SMARAPD,SMARAPD,MUNICIPAL,PENDENTE_HOMOLOGACAO_MUNICIPAL,
3518602,SP,Guariba,guariba,PRIMAX,PRIMAX,MUNICIPAL,PENDENTE_HOMOLOGACAO_MUNICIPAL,
3518800,SP,Guarulhos,guarulhos,GINFES,GINFES,MUNICIPAL,PENDENTE_HOMOLOGACAO_MUNICIPAL,
3519071,SP,Hortolândia,hortolandia,GINFES,GINFES,MUNICIPAL,PENDENTE_HOMOLOGACAO_MUNICIPAL,
3520004,SP,"Igaraçu do Tietê",igaracu-do-tiete,WEBFISCO_TECNOLOGIA,WEBFISCO_TECNOLOGIA,MUNICIPAL,PENDENTE_HOMOLOGACAO_MUNICIPAL,
3522802,SP,Itaporanga,itaporanga,FIORILLI,FIORILLI,MUNICIPAL,PENDENTE_HOMOLOGACAO_MUNICIPAL,
3523107,SP,Itaquaquecetuba,itaquaquecetuba,SMARAPD,SMARAPD,MUNICIPAL,PENDENTE_HOMOLOGACAO_MUNICIPAL,
3523909,SP,Itu,itu,GISSONLINE,GISSONLINE,MUNICIPAL,PENDENTE_HOMOLOGACAO_MUNICIPAL,
3524303,SP,Jaboticabal,jaboticabal,GISSONLINE,GISSONLINE,MUNICIPAL,PENDENTE_HOMOLOGACAO_MUNICIPAL,
3525904,SP,Jundiaí,jundiai,GISSONLINE,GISSONLINE,MUNICIPAL,PENDENTE_HOMOLOGACAO_MUNICIPAL,
3526704,SP,Leme,leme,SIGISSWEB,SIGISSWEB,MUNICIPAL,PENDENTE_HOMOLOGACAO_MUNICIPAL,
3526902,SP,Limeira,limeira,IIBRASIL,IIBRASIL,MUNICIPAL,PENDENTE_HOMOLOGACAO_MUNICIPAL,
3528502,SP,Mairiporã,mairipora,CONAM,CONAM,MUNICIPAL,PENDENTE_HOMOLOGACAO_MUNICIPAL,
3529005,SP,Marília,marilia,SIGCORP_SIGISS,SIGCORP_SIGISS,MUNICIPAL,PENDENTE_HOMOLOGACAO_MUNICIPAL,
3529302,SP,Matão,matao,GISSONLINE,GISSONLINE,MUNICIPAL,PENDENTE_HOMOLOGACAO_MUNICIPAL,
3529401,SP,Mauá,maua,GINFES,GINFES,MUNICIPAL,PENDENTE_HOMOLOGACAO_MUNICIPAL,
3530300,SP,Mirassol,mirassol,PRONIN,PRONIN,MUNICIPAL,PENDENTE_HOMOLOGACAO_MUNICIPAL,
3530409,SP,Mirassolândia,mirassolandia,FIORILLI,FIORILLI,MUNICIPAL,PENDENTE_HOMOLOGACAO_MUNICIPAL,
3530805,SP,"Mogi Mirim",mogi-mirim,SIGCORP_SIGISS,SIGCORP_SIGISS,MUNICIPAL,PENDENTE_HOMOLOGACAO_MUNICIPAL,
3530607,SP,"Mogi das Cruzes",mogi-das-cruzes,SMARAPD,SMARAPD,MUNICIPAL,PENDENTE_HOMOLOGACAO_MUNICIPAL,
3531308,SP,"Monte Alto",monte-alto,FIORILLI,FIORILLI,MUNICIPAL,PENDENTE_HOMOLOGACAO_MUNICIPAL,
3533908,SP,Olímpia,olimpia,GINFES,GINFES,MUNICIPAL,PENDENTE_HOMOLOGACAO_MUNICIPAL,
3534401,SP,Osasco,osasco,EGOVERNEISS,EGOVERNEISS,MUNICIPAL,PENDENTE_HOMOLOGACAO_MUNICIPAL,
3535804,SP,Paranapanema,paranapanema,PRONIN,PRONIN,MUNICIPAL,PENDENTE_HOMOLOGACAO_MUNICIPAL,
3536505,SP,Paulínia,paulinia,GISSONLINE,GISSONLINE,MUNICIPAL,PENDENTE_HOMOLOGACAO_MUNICIPAL,
3539400,SP,Piratininga,piratininga,FIORILLI,FIORILLI,MUNICIPAL,PENDENTE_HOMOLOGACAO_MUNICIPAL,
3540804,SP,Potirendaba,potirendaba,FIORILLI,FIORILLI,MUNICIPAL,PENDENTE_HOMOLOGACAO_MUNICIPAL,
3541406,SP,"Presidente Prudente",presidente-prudente,SIMPLISS,SIMPLISS,MUNICIPAL,PENDENTE_HOMOLOGACAO_MUNICIPAL,
3542404,SP,"Regente Feijó",regente-feijo,PRONIN,PRONIN,MUNICIPAL,PENDENTE_HOMOLOGACAO_MUNICIPAL,
3542602,SP,Registro,registro,GINFES,GINFES,MUNICIPAL,PENDENTE_HOMOLOGACAO_MUNICIPAL,
3543402,SP,"Ribeirão Preto",ribeirao-preto,ISSNET,ISSNET,MUNICIPAL,PENDENTE_HOMOLOGACAO_MUNICIPAL,
3543907,SP,"Rio Claro",rio-claro,GINFES,GINFES,MUNICIPAL,PENDENTE_HOMOLOGACAO_MUNICIPAL,
3546603,SP,"Santa Fé do Sul",santa-fe-do-sul,BETHA,BETHA,MUNICIPAL,PENDENTE_HOMOLOGACAO_MUNICIPAL,
3547809,SP,"Santo André",santo-andre,GINFES,GINFES,MUNICIPAL,PENDENTE_HOMOLOGACAO_MUNICIPAL,
3548500,SP,Santos,santos,GISSONLINE,GISSONLINE,MUNICIPAL,PENDENTE_HOMOLOGACAO_MUNICIPAL,
3552205,SP,Sorocaba,sorocaba,ABRASF_SHARED,ABRASF_SHARED,MUNICIPAL,PENDENTE_HOMOLOGACAO_MUNICIPAL,
3548708,SP,"São Bernardo do Campo",sao-bernardo-do-campo,GINFES,GINFES,MUNICIPAL,PENDENTE_HOMOLOGACAO_MUNICIPAL,
3549409,SP,"São Joaquim da Barra",sao-joaquim-da-barra,FIORILLI,FIORILLI,MUNICIPAL,PENDENTE_HOMOLOGACAO_MUNICIPAL,
3549805,SP,"São José do Rio Preto",sao-jose-do-rio-preto,GISSONLINE,GISSONLINE,MUNICIPAL,PENDENTE_HOMOLOGACAO_MUNICIPAL,
3549904,SP,"São José dos Campos",sao-jose-dos-campos,ABRASF_SHARED,ABRASF_SHARED,MUNICIPAL,PENDENTE_HOMOLOGACAO_MUNICIPAL,
3550308,SP,"São Paulo",sao-paulo,PAULISTANA,PAULISTANA,MUNICIPAL,PENDENTE_HOMOLOGACAO_MUNICIPAL,
3550407,SP,"São Pedro",sao-pedro,PRONIN,PRONIN,MUNICIPAL,PENDENTE_HOMOLOGACAO_MUNICIPAL,
3550605,SP,"São Roque",sao-roque,PRONIN,PRONIN,MUNICIPAL,PENDENTE_HOMOLOGACAO_MUNICIPAL,
3550803,SP,"São Sebastião da Grama",sao-sebastiao-da-grama,PRONIN,PRONIN,MUNICIPAL,PENDENTE_HOMOLOGACAO_MUNICIPAL,
3552809,SP,"Taboão da Serra",taboao-da-serra,CONAM,CONAM,MUNICIPAL,PENDENTE_HOMOLOGACAO_MUNICIPAL,
3554300,SP,"Teodoro Sampaio",teodoro-sampaio,PRONIN,PRONIN,MUNICIPAL,PENDENTE_HOMOLOGACAO_MUNICIPAL,
3554805,SP,Tremembé,tremembe,SIGCORP_SIGISS,SIGCORP_SIGISS,MUNICIPAL,PENDENTE_HOMOLOGACAO_MUNICIPAL,
3556453,SP,"Vargem Grande Paulista",vargem-grande-paulista,SONNER,SONNER,MUNICIPAL,PENDENTE_HOMOLOGACAO_MUNICIPAL,
3556404,SP,"Vargem Grande do Sul",vargem-grande-do-sul,SIMPLISS,SIMPLISS,MUNICIPAL,PENDENTE_HOMOLOGACAO_MUNICIPAL,
3500501,SP,"Águas de Lindóia",aguas-de-lindoia,FIORILLI,FIORILLI,MUNICIPAL,PENDENTE_HOMOLOGACAO_MUNICIPAL,
3501301,SP,"Álvares Machado",alvares-machado,PRONIN,PRONIN,MUNICIPAL,PENDENTE_HOMOLOGACAO_MUNICIPAL,
1702109,TO,Araguaína,araguaina,WEBISS,WEBISS,MUNICIPAL,PENDENTE_HOMOLOGACAO_MUNICIPAL,
1709500,TO,Gurupi,gurupi,WEBISS,WEBISS,MUNICIPAL,PENDENTE_HOMOLOGACAO_MUNICIPAL,
1721000,TO,Palmas,palmas,WEBISS,WEBISS,MUNICIPAL,PENDENTE_HOMOLOGACAO_MUNICIPAL,
CONAN,XX,Geral,geral,CONAM,CONAM,MUNICIPAL,PENDENTE_HOMOLOGACAO_MUNICIPAL,
PUBLIC_SOFT,XX,Geral,geral,PUBLIC_SOFT,PUBLIC_SOFT,MUNICIPAL,PENDENTE_HOMOLOGACAO_MUNICIPAL,
